<?xml version="1.0" encoding="utf-8"?>
<XnaContent>
  <Asset Type="ParticlesSettings.ParticleSystemSettings">
    <MinNumParticles>10</MinNumParticles>
    <MaxNumParticles>12</MaxNumParticles>
    
    <TextureFilename>explosion</TextureFilename>
    
    <MinInitialSpeed>40</MinInitialSpeed>
    <MaxInitialSpeed>500</MaxInitialSpeed>
    
    <AccelerationMode>EndVelocity</AccelerationMode>
    <EndVelocity>0</EndVelocity>
    
    <MinRotationSpeed>-45</MinRotationSpeed>
    <MaxRotationSpeed>45</MaxRotationSpeed>
    
    <MinLifetime>.5</MinLifetime>
    <MaxLifetime>1.0</MaxLifetime>
    
    <MinSize>.3</MinSize>
    <MaxSize>1.0</MaxSize>
    
    <SourceBlend>SourceAlpha</SourceBlend>
    <DestinationBlend>One</DestinationBlend>
    
  </Asset>
</XnaContent>